method,lambda,seed,cap,alpha,fairness_type,n_train,test_regret_normalized,test_fairness,test_pred_mse
FDFL-0.1,0.0,11,linear,2.0,mad,50,0.1831549721325955,72.98972672766811,312.596824529666
FDFL-0.1,1.0,11,linear,2.0,mad,50,0.1344197244786848,35.252377613155964,189.91617556390787
FDFL-0.1,0.0,22,linear,2.0,mad,50,0.1772606714221861,91.47321669934789,309.66742630134627
FDFL-0.1,1.0,22,linear,2.0,mad,50,0.1298392051722202,31.94887092094717,184.81843495713528
FDFL-0.1,0.0,33,linear,2.0,mad,50,0.1639857749263878,74.89238861575792,306.2346555649329
FDFL-0.1,1.0,33,linear,2.0,mad,50,0.130409165791297,33.57101942067508,199.7310162150384
FDFL-0.1,0.0,44,linear,2.0,mad,50,0.1646850618087439,78.78761188360681,294.60131160520643
FDFL-0.1,1.0,44,linear,2.0,mad,50,0.1306566241541157,35.420909068119364,193.6673469375664
FDFL-0.1,0.0,55,linear,2.0,mad,50,0.1664665043102088,92.8741294817426,299.4739582002118
FDFL-0.1,1.0,55,linear,2.0,mad,50,0.1314956488636937,43.644014843578255,196.7322157759287
FDFL-0.5,0.0,11,linear,2.0,mad,50,0.1338616659099038,33.410846007490754,168.97232898791646
FDFL-0.5,1.0,11,linear,2.0,mad,50,0.1344382760295101,33.553785103655805,170.31602464176012
FDFL-0.5,0.0,22,linear,2.0,mad,50,0.1287701193771158,44.70967686660435,202.02419788367808
FDFL-0.5,1.0,22,linear,2.0,mad,50,0.1297264553991044,32.41852280541234,182.35710523303624
FDFL-0.5,0.0,33,linear,2.0,mad,50,0.1298387146343375,37.48713433662667,189.85479920477687
FDFL-0.5,1.0,33,linear,2.0,mad,50,0.1302711067718762,31.293763476547888,180.12876528545297
FDFL-0.5,0.0,44,linear,2.0,mad,50,0.1295267525942767,43.87057985370439,199.592130415456
FDFL-0.5,1.0,44,linear,2.0,mad,50,0.1305547118807486,33.758501978959266,181.9995222918125
FDFL-0.5,0.0,55,linear,2.0,mad,50,0.1299761289159858,48.81621261781338,198.1785324673748
FDFL-0.5,1.0,55,linear,2.0,mad,50,0.131158042653868,40.67455670456533,181.1179709643499
FDFL-Scal,0.0,11,linear,2.0,mad,50,0.1343022981121082,33.53148315143181,165.25244167704838
FDFL-Scal,1.0,11,linear,2.0,mad,50,0.134833243547494,34.149319669198654,175.2914211649289
FDFL-Scal,0.0,22,linear,2.0,mad,50,0.1299066713869504,35.315726715156465,169.36296990759195
FDFL-Scal,1.0,22,linear,2.0,mad,50,0.1300132293067313,32.41512690593512,176.93657433051985
FDFL-Scal,0.0,33,linear,2.0,mad,50,0.1302293731687552,34.21056257526519,174.93721082319416
FDFL-Scal,1.0,33,linear,2.0,mad,50,0.1302379901554494,32.07920449842416,181.61977390417624
FDFL-Scal,0.0,44,linear,2.0,mad,50,0.130744968385014,34.971330529803744,167.33291477797778
FDFL-Scal,1.0,44,linear,2.0,mad,50,0.1309858749793216,32.922797663063776,174.39689270885302
FDFL-Scal,0.0,55,linear,2.0,mad,50,0.130745204706945,40.37561919042236,167.36968588476662
FDFL-Scal,1.0,55,linear,2.0,mad,50,0.1313393209434339,38.74916312337077,169.3009721218674
FDFL,0.0,11,linear,2.0,mad,50,0.2333450968268024,87.62095565638631,346.7401984955819
FDFL,1.0,11,linear,2.0,mad,50,0.1343163840760222,35.470138565054434,191.8121076661627
FDFL,0.0,22,linear,2.0,mad,50,0.237534498371652,112.83907273835575,349.1219507049645
FDFL,1.0,22,linear,2.0,mad,50,0.1298508714764047,33.83744746614358,195.0097420316588
FDFL,0.0,33,linear,2.0,mad,50,0.2303422440715059,94.74695121414246,357.1661888205163
FDFL,1.0,33,linear,2.0,mad,50,0.1325147121059851,38.46059450635415,226.7311357516744
FDFL,0.0,44,linear,2.0,mad,50,0.2225439794852515,97.02302496502828,338.45993761225293
FDFL,1.0,44,linear,2.0,mad,50,0.1307778331418842,36.071290793277576,197.7019875823677
FDFL,0.0,55,linear,2.0,mad,50,0.2204674481734563,114.51993680491972,341.05398230593426
FDFL,1.0,55,linear,2.0,mad,50,0.1314852417383459,41.47169377556989,187.20743904270185
FPLG,0.0,11,linear,2.0,mad,50,0.2046149929888891,79.7288295163924,329.18437128385466
FPLG,1.0,11,linear,2.0,mad,50,0.1887033924233478,64.52876786126562,309.46629354442325
FPLG,0.0,22,linear,2.0,mad,50,0.2054789706274658,102.59225237081486,331.1271109799405
FPLG,1.0,22,linear,2.0,mad,50,0.1902972037015146,81.0670408689999,313.29590919477874
FPLG,0.0,33,linear,2.0,mad,50,0.2061426269937386,88.90358171881586,342.71019146797363
FPLG,1.0,33,linear,2.0,mad,50,0.1902149507838401,72.73798488066913,322.8096348964672
FPLG,0.0,44,linear,2.0,mad,50,0.203100114625388,91.98869726417092,326.74351022102144
FPLG,1.0,44,linear,2.0,mad,50,0.1827656993114914,76.18959529024319,305.3510171536851
FPLG,0.0,55,linear,2.0,mad,50,0.203547898778343,109.27203302946128,330.95482522361493
FPLG,1.0,55,linear,2.0,mad,50,0.187093005815519,91.93083464712994,312.27163861516874
FPTO,0.0,11,linear,2.0,mad,50,0.1969239800802365,33.884646546194,138.32546092300225
FPTO,1.0,11,linear,2.0,mad,50,0.1741951068294047,30.98328557340089,136.03372936155378
FPTO,0.0,22,linear,2.0,mad,50,0.1919584651070554,27.56557871338524,134.51764521390524
FPTO,1.0,22,linear,2.0,mad,50,0.1699992722674651,24.163950558326626,133.22778348427906
FPTO,0.0,33,linear,2.0,mad,50,0.1969810608502824,26.89949813497415,138.00233074131546
FPTO,1.0,33,linear,2.0,mad,50,0.1736096838131028,25.014569177963665,136.69150690767094
FPTO,0.0,44,linear,2.0,mad,50,0.1929502040722582,23.469926218584416,134.9331905398272
FPTO,1.0,44,linear,2.0,mad,50,0.1707121708743141,22.90409182832796,131.56397119201532
FPTO,0.0,55,linear,2.0,mad,50,0.186021393030372,35.71326907197978,136.54192968119995
FPTO,1.0,55,linear,2.0,mad,50,0.2078108909522148,36.16015429548623,138.43598801473902
MGDA,0.0,11,linear,2.0,mad,50,0.2173349724825733,55.210052388314175,315.1746848254316
MGDA,0.0,22,linear,2.0,mad,50,0.2186432627416997,73.5637141937412,317.2551427812693
MGDA,0.0,33,linear,2.0,mad,50,0.2179074259764629,62.59560338691704,316.6746295990024
MGDA,0.0,44,linear,2.0,mad,50,0.2164608001836376,68.9147911259868,309.5308956405013
MGDA,0.0,55,linear,2.0,mad,50,0.218729569590056,77.17909974924918,309.32896668462024
NashMTL,0.0,11,linear,2.0,mad,50,0.1731085777676093,64.42004502379719,296.6847126875932
NashMTL,0.0,22,linear,2.0,mad,50,0.1706574792176645,81.76965352906743,296.04158083463165
NashMTL,0.0,33,linear,2.0,mad,50,0.1719310992534836,75.65366274741005,311.5429930833066
NashMTL,0.0,44,linear,2.0,mad,50,0.1706828397071535,74.98675467803771,292.1381198013614
NashMTL,0.0,55,linear,2.0,mad,50,0.1719618518961327,86.6349898349294,295.7096842482986
PCGrad,0.0,11,linear,2.0,mad,50,0.2150047183394967,49.67403820463333,305.26209002627905
PCGrad,0.0,22,linear,2.0,mad,50,0.215679952755609,65.16118717605517,306.06133027402467
PCGrad,0.0,33,linear,2.0,mad,50,0.2165760029644848,62.42325138371619,313.9464159159742
PCGrad,0.0,44,linear,2.0,mad,50,0.213578143882171,64.2224549936661,300.5582419514169
PCGrad,0.0,55,linear,2.0,mad,50,0.2178041737275853,77.10321846943881,307.4084873134141
SAA,0.0,11,linear,2.0,mad,50,0.2799676349803478,46.01171050806397,246.50197799107875
SAA,0.0,22,linear,2.0,mad,50,0.277055994906764,71.91671485231049,248.0466931442711
SAA,0.0,33,linear,2.0,mad,50,0.2839504406487433,54.77579016419693,257.0805805632122
SAA,0.0,44,linear,2.0,mad,50,0.2761333487031433,54.34970351549448,245.7663625637045
SAA,0.0,55,linear,2.0,mad,50,0.2799909907042471,68.78491753027635,249.31581807065456
WDRO,0.0,11,linear,2.0,mad,50,0.177031039451271,34.04745876066586,140.46678359182172
WDRO,0.0,22,linear,2.0,mad,50,0.1717623314250707,27.90109403711504,137.09637604543943
WDRO,0.0,33,linear,2.0,mad,50,0.170633390953269,27.19355323756152,139.17383491095032
WDRO,0.0,44,linear,2.0,mad,50,0.1752087497593032,24.30242086465052,135.85191917352995
WDRO,0.0,55,linear,2.0,mad,50,0.1659390716733128,32.63152335088317,137.93512508561545
FDFL-0.1,0.0,11,log_linear,2.0,mad,50,0.1385814131309946,71.02677929442116,236.2513338860719
FDFL-0.1,1.0,11,log_linear,2.0,mad,50,0.1416621466979878,169.25961198244465,302.77707585584943
FDFL-0.1,0.0,22,log_linear,2.0,mad,50,0.1341851595235976,145.1528851346321,251.90029029947297
FDFL-0.1,1.0,22,log_linear,2.0,mad,50,0.137783144485186,171.88267934185484,286.9661270699284
FDFL-0.1,0.0,33,log_linear,2.0,mad,50,0.1341338505863961,92.94005803500843,451.91545425843975
FDFL-0.1,1.0,33,log_linear,2.0,mad,50,0.1381728184058776,91.5091696711366,689.0756322360243
FDFL-0.1,0.0,44,log_linear,2.0,mad,50,0.1336103821749061,35.8262142975962,269.6504905797713
FDFL-0.1,1.0,44,log_linear,2.0,mad,50,0.1384044677843551,62.649913442443214,419.3660604703179
FDFL-0.1,0.0,55,log_linear,2.0,mad,50,0.1339856305958102,74.41539140153397,227.15247703261025
FDFL-0.1,1.0,55,log_linear,2.0,mad,50,0.138310838162623,89.14457860599049,260.11392251707707
FDFL-0.5,0.0,11,log_linear,2.0,mad,50,0.1398520708836781,78.22977383287304,204.1912424458585
FDFL-0.5,1.0,11,log_linear,2.0,mad,50,0.141572494490647,50.373855086119626,213.80732070058863
FDFL-0.5,0.0,22,log_linear,2.0,mad,50,0.1363706584115922,72.48884065400618,196.7263879345148
FDFL-0.5,1.0,22,log_linear,2.0,mad,50,0.1376745594799286,95.75472244804824,225.97941566509448
FDFL-0.5,0.0,33,log_linear,2.0,mad,50,0.1363145578297268,50.26469396321236,297.7192549530468
FDFL-0.5,1.0,33,log_linear,2.0,mad,50,0.135554233892316,113.01512381887676,394.04736924832974
FDFL-0.5,0.0,44,log_linear,2.0,mad,50,0.1344976565184312,39.23387762793154,231.7608414259508
FDFL-0.5,1.0,44,log_linear,2.0,mad,50,0.1376718773942714,55.02785228751781,399.74923266524735
FDFL-0.5,0.0,55,log_linear,2.0,mad,50,0.1361597667213335,62.39730069215288,208.7202173042212
FDFL-0.5,1.0,55,log_linear,2.0,mad,50,0.137299318552453,72.63434143015795,225.6205863181502
FDFL-Scal,0.0,11,log_linear,2.0,mad,50,0.1412027824194874,54.0595646847728,192.77408417909933
FDFL-Scal,1.0,11,log_linear,2.0,mad,50,0.1415579891582455,49.688861154474985,201.3064927914316
FDFL-Scal,0.0,22,log_linear,2.0,mad,50,0.1372723563198785,73.7608282580171,190.11307717543863
FDFL-Scal,1.0,22,log_linear,2.0,mad,50,0.1372486287339757,91.4295086633205,213.42635534576488
FDFL-Scal,0.0,33,log_linear,2.0,mad,50,0.1362412038759482,910.200967786796,1908.6244710740875
FDFL-Scal,1.0,33,log_linear,2.0,mad,50,0.1368987016103612,62.42561317943884,252.5823301871547
FDFL-Scal,0.0,44,log_linear,2.0,mad,50,0.1372725918378595,39.660458620800746,192.65181165605867
FDFL-Scal,1.0,44,log_linear,2.0,mad,50,0.1362354513434685,45.63432271954052,236.8595969777408
FDFL-Scal,0.0,55,log_linear,2.0,mad,50,0.1380808439459033,57.79860644444061,197.2455515829821
FDFL-Scal,1.0,55,log_linear,2.0,mad,50,0.1382829742688417,76.39270580136916,212.94443251445048
FDFL,0.0,11,log_linear,2.0,mad,50,0.1393509039199499,94.03458631451856,271.35023385905424
FDFL,1.0,11,log_linear,2.0,mad,50,0.1472403115755119,65.33053303470687,293.9892250902232
FDFL,0.0,22,log_linear,2.0,mad,50,0.1344580635479787,89.11252296238202,333.6212837072514
FDFL,1.0,22,log_linear,2.0,mad,50,0.1389237658801405,172.65781423602414,318.74505315589835
FDFL,0.0,33,log_linear,2.0,mad,50,0.1340680958834345,58.0523864137168,337.4837545249088
FDFL,1.0,33,log_linear,2.0,mad,50,0.1412751046389861,88.16988673180826,503.2476330020415
FDFL,0.0,44,log_linear,2.0,mad,50,0.1335113795824632,94.82485873038802,332.1833688819483
FDFL,1.0,44,log_linear,2.0,mad,50,0.1393574646575864,68.12175206718263,355.6387606538306
FDFL,0.0,55,log_linear,2.0,mad,50,0.133414977271207,79.59028874970775,263.1586243944081
FDFL,1.0,55,log_linear,2.0,mad,50,0.1368682035275581,87.74226730567956,288.9551738512909
FPLG,0.0,11,log_linear,2.0,mad,50,0.1392561779137309,100.4597250995154,267.40271911676723
FPLG,1.0,11,log_linear,2.0,mad,50,0.1435384758683166,65.44817501169796,272.7338229684485
FPLG,0.0,22,log_linear,2.0,mad,50,0.1344363811854247,118.08283466892613,271.485286349842
FPLG,1.0,22,log_linear,2.0,mad,50,0.1352887726115088,157.72323855627204,293.31325166226003
FPLG,0.0,33,log_linear,2.0,mad,50,0.1340226503053749,81.70973120866464,363.65562665732335
FPLG,1.0,33,log_linear,2.0,mad,50,0.1352001925761331,85.16156269025075,516.490085006873
FPLG,0.0,44,log_linear,2.0,mad,50,0.1335907010886404,57.30815120329193,272.93856268042015
FPLG,1.0,44,log_linear,2.0,mad,50,0.1338511910291375,44.68128133886096,296.80675857631775
FPLG,0.0,55,log_linear,2.0,mad,50,0.1334293842160081,86.16961042375196,251.44028465345573
FPLG,1.0,55,log_linear,2.0,mad,50,0.1343953982052683,72.48391763028307,261.7983561838466
FPTO,0.0,11,log_linear,2.0,mad,50,0.1429933124457305,641.4013388899436,657.0052474811501
FPTO,1.0,11,log_linear,2.0,mad,50,0.1429933124457305,641.4013388899436,657.0052474811501
FPTO,0.0,22,log_linear,2.0,mad,50,0.1368285686290032,1114.8532433211178,743.9368632610991
FPTO,1.0,22,log_linear,2.0,mad,50,0.1368285686290032,1114.8532433211178,743.9368632610991
FPTO,0.0,33,log_linear,2.0,mad,50,0.1368706150320061,630.4823673525099,1683.298404207249
FPTO,1.0,33,log_linear,2.0,mad,50,0.1368706150320061,630.4823673525099,1683.298404207249
FPTO,0.0,44,log_linear,2.0,mad,50,0.1370576738303827,144.5043312000556,917.6478223740198
FPTO,1.0,44,log_linear,2.0,mad,50,0.1370576738303827,144.5043312000556,917.6478223740198
FPTO,0.0,55,log_linear,2.0,mad,50,0.135785316662881,574.27080387725,610.3845493544505
FPTO,1.0,55,log_linear,2.0,mad,50,0.135785316662881,574.27080387725,610.3845493544505
MGDA,0.0,11,log_linear,2.0,mad,50,0.141951645655355,52.45467451051445,189.06432000751053
MGDA,0.0,22,log_linear,2.0,mad,50,0.1381551226421589,86.66749776630319,209.73908903579624
MGDA,0.0,33,log_linear,2.0,mad,50,0.1386569418370282,68.481428652132,206.54659759259843
MGDA,0.0,44,log_linear,2.0,mad,50,0.136681297100468,35.52425005477846,227.49534480943305
MGDA,0.0,55,log_linear,2.0,mad,50,0.1417571572751951,66.0395512286509,195.98098482386192
NashMTL,0.0,11,log_linear,2.0,mad,50,0.1391088414057548,70.77659321007887,274.24427472984115
NashMTL,0.0,22,log_linear,2.0,mad,50,0.1344321334311433,85.60738313224056,275.14442305258507
NashMTL,0.0,33,log_linear,2.0,mad,50,0.1342680579525277,68.43515621181878,322.6527257347268
NashMTL,0.0,44,log_linear,2.0,mad,50,0.1336489853790206,69.31809538837085,280.95469500938987
NashMTL,0.0,55,log_linear,2.0,mad,50,0.1337577609124083,80.17514847394386,277.6418459511593
PCGrad,0.0,11,log_linear,2.0,mad,50,0.1392395082496402,53.83279543779487,226.84258272441988
PCGrad,0.0,22,log_linear,2.0,mad,50,0.1351928668876412,146.97729286580892,242.92326308721863
PCGrad,0.0,33,log_linear,2.0,mad,50,0.1344186690219255,93.4863984187509,282.07846631806245
PCGrad,0.0,44,log_linear,2.0,mad,50,0.1371294339284898,26.120471785617703,223.1885585605654
PCGrad,0.0,55,log_linear,2.0,mad,50,0.1354228972903148,83.26998377290616,219.3907945227071
SAA,0.0,11,log_linear,2.0,mad,50,0.2799676349803477,46.01171050806397,246.50197799107875
SAA,0.0,22,log_linear,2.0,mad,50,0.2770559949067639,71.91671485231049,248.0466931442711
SAA,0.0,33,log_linear,2.0,mad,50,0.2839504406487435,54.77579016419693,257.0805805632122
SAA,0.0,44,log_linear,2.0,mad,50,0.2761333487031433,54.34970351549448,245.7663625637045
SAA,0.0,55,log_linear,2.0,mad,50,0.279990990704247,68.78491753027635,249.31581807065456
WDRO,0.0,11,log_linear,2.0,mad,50,0.1429933124457305,641.4013388899436,657.0052474811501
WDRO,0.0,22,log_linear,2.0,mad,50,0.1368285686290032,1114.8532433211178,743.9368632610991
WDRO,0.0,33,log_linear,2.0,mad,50,0.1368706150320061,630.4823673525099,1683.298404207249
WDRO,0.0,44,log_linear,2.0,mad,50,0.1370576738303827,144.5043312000556,917.6478223740198
WDRO,0.0,55,log_linear,2.0,mad,50,0.135785316662881,574.27080387725,610.3845493544505
FDFL-0.1,0.0,11,mlp128,2.0,mad,50,0.1331985344617433,35.76146760717369,143.24655442492266
FDFL-0.1,1.0,11,mlp128,2.0,mad,50,0.1343959258455163,25.93470226221495,150.32028516095914
FDFL-0.1,0.0,22,mlp128,2.0,mad,50,0.128460506971251,26.7977152418654,141.1413769003919
FDFL-0.1,1.0,22,mlp128,2.0,mad,50,0.1295956580288492,24.61649702559973,141.76255619702314
FDFL-0.1,0.0,33,mlp128,2.0,mad,50,0.1286509401101598,29.02493678803192,137.55529936509402
FDFL-0.1,1.0,33,mlp128,2.0,mad,50,0.1275413475117407,25.87370065019301,136.95746835304655
FDFL-0.1,0.0,44,mlp128,2.0,mad,50,0.1274908687502273,26.366342392781952,133.93854522845928
FDFL-0.1,1.0,44,mlp128,2.0,mad,50,0.1270175836534043,16.074955807255098,143.62443679251774
FDFL-0.1,0.0,55,mlp128,2.0,mad,50,0.1271985050609662,40.582550625236166,136.40767376592805
FDFL-0.1,1.0,55,mlp128,2.0,mad,50,0.1283032520206471,30.820108103363005,129.07126978343928
FDFL-0.5,0.0,11,mlp128,2.0,mad,50,0.1318362833656864,29.53113663437288,130.5468986123616
FDFL-0.5,1.0,11,mlp128,2.0,mad,50,0.1322772417466578,28.48980358453712,132.2274457815681
FDFL-0.5,0.0,22,mlp128,2.0,mad,50,0.1263899848625414,24.989860455492995,126.84670773086042
FDFL-0.5,1.0,22,mlp128,2.0,mad,50,0.128465794665448,21.565266624430024,125.32138961093428
FDFL-0.5,0.0,33,mlp128,2.0,mad,50,0.1271400246249547,25.34973925188609,130.321252059339
FDFL-0.5,1.0,33,mlp128,2.0,mad,50,0.1275288238514082,22.84103151908037,128.3074748459138
FDFL-0.5,0.0,44,mlp128,2.0,mad,50,0.125911509268574,22.726654561572204,126.08629129434355
FDFL-0.5,1.0,44,mlp128,2.0,mad,50,0.127212323695877,21.727119706960043,124.62695589192386
FDFL-0.5,0.0,55,mlp128,2.0,mad,50,0.1260211804253008,32.12083973696693,126.71232854835048
FDFL-0.5,1.0,55,mlp128,2.0,mad,50,0.1290299565367076,29.683792393551663,125.76520577563632
FDFL-Scal,0.0,11,mlp128,2.0,mad,50,0.1327650457339067,31.442944508236074,131.1027720942294
FDFL-Scal,1.0,11,mlp128,2.0,mad,50,0.1338015768064763,23.8014212458442,125.64137782093616
FDFL-Scal,0.0,22,mlp128,2.0,mad,50,0.1282550369678853,28.31362117280208,133.13392738822992
FDFL-Scal,1.0,22,mlp128,2.0,mad,50,0.1289310338372524,24.412009243716287,126.9750327898396
FDFL-Scal,0.0,33,mlp128,2.0,mad,50,0.1289381608915789,24.482585235232406,136.69535707905885
FDFL-Scal,1.0,33,mlp128,2.0,mad,50,0.12879544236788,20.84794178169881,126.79912904731772
FDFL-Scal,0.0,44,mlp128,2.0,mad,50,0.1262605084731186,25.268114422644363,129.46302563131408
FDFL-Scal,1.0,44,mlp128,2.0,mad,50,0.1300499087550722,30.21605340296432,140.98208176408784
FDFL-Scal,0.0,55,mlp128,2.0,mad,50,0.1270739530232279,33.68479569169079,131.6441415954904
FDFL-Scal,1.0,55,mlp128,2.0,mad,50,0.1289156755016574,32.876767728943285,126.12182843697234
FDFL,0.0,11,mlp128,2.0,mad,50,0.1346140408691038,1086.9677709913103,3412.5346235902007
FDFL,1.0,11,mlp128,2.0,mad,50,0.133634322175724,16.051406550783323,156.04514031469844
FDFL,0.0,22,mlp128,2.0,mad,50,0.1289593531888152,2761.326972140727,5964.104615060946
FDFL,1.0,22,mlp128,2.0,mad,50,0.1282214904313811,35.19893549922697,153.72780417308155
FDFL,0.0,33,mlp128,2.0,mad,50,0.1281445226938742,5551.77183633024,13338.368189413512
FDFL,1.0,33,mlp128,2.0,mad,50,0.1291218319569149,39.468331416552914,204.3180397579243
FDFL,0.0,44,mlp128,2.0,mad,50,0.1277767020544539,6984.101476497901,24234.914138118747
FDFL,1.0,44,mlp128,2.0,mad,50,0.12705481799825,11.725087797278157,153.32499655506953
FDFL,0.0,55,mlp128,2.0,mad,50,0.1274766265375868,2516.250270702197,4820.392188760204
FDFL,1.0,55,mlp128,2.0,mad,50,0.1285619073316748,31.034142466972053,135.48600278998498
FPLG,0.0,11,mlp128,2.0,mad,50,0.1343221914053946,25.111196464585483,122.04155798844144
FPLG,1.0,11,mlp128,2.0,mad,50,0.1336773690657325,26.53534596512451,125.60959494945438
FPLG,0.0,22,mlp128,2.0,mad,50,0.1277978269570415,24.92904841623238,125.5838899511516
FPLG,1.0,22,mlp128,2.0,mad,50,0.1294007539229282,22.74689230550771,131.92416269075525
FPLG,0.0,33,mlp128,2.0,mad,50,0.1310010631793956,20.24209614449672,122.532625127875
FPLG,1.0,33,mlp128,2.0,mad,50,0.1305114085921724,17.987104691282866,123.18187402214518
FPLG,0.0,44,mlp128,2.0,mad,50,0.1297972324070541,18.13514148140212,116.47931135965028
FPLG,1.0,44,mlp128,2.0,mad,50,0.1294757607815735,19.331895028516904,119.2923198863983
FPLG,0.0,55,mlp128,2.0,mad,50,0.1286016554891212,27.70764051485187,121.46231321837986
FPLG,1.0,55,mlp128,2.0,mad,50,0.1306159403939412,26.30372776998989,121.48875636071332
FPTO,0.0,11,mlp128,2.0,mad,50,0.1439074850371864,22.04134518685984,121.9811007055044
FPTO,1.0,11,mlp128,2.0,mad,50,0.1461614322380495,21.50008159264116,125.04861380797792
FPTO,0.0,22,mlp128,2.0,mad,50,0.1368637858120723,20.06495801144492,119.0323062837386
FPTO,1.0,22,mlp128,2.0,mad,50,0.139546308120938,20.11609204783371,124.2252614695924
FPTO,0.0,33,mlp128,2.0,mad,50,0.1380424504613762,17.69571906163849,120.08650286329208
FPTO,1.0,33,mlp128,2.0,mad,50,0.1411545492559712,17.438889188908714,122.56735149933245
FPTO,0.0,44,mlp128,2.0,mad,50,0.1365240424258348,18.08867817946935,117.09987165143954
FPTO,1.0,44,mlp128,2.0,mad,50,0.1406742615583676,17.221461126936664,120.69666162348808
FPTO,0.0,55,mlp128,2.0,mad,50,0.137603242290336,25.98174121651343,117.81551219126564
FPTO,1.0,55,mlp128,2.0,mad,50,0.1401532750047746,24.944011532904533,121.70413265143546
MGDA,0.0,11,mlp128,2.0,mad,50,0.1394928473083742,27.7180329519834,135.31557325024403
MGDA,0.0,22,mlp128,2.0,mad,50,0.1416086144411842,27.73620609454129,150.4957531501844
MGDA,0.0,33,mlp128,2.0,mad,50,0.1380673561270616,21.545021902112705,127.98489555504122
MGDA,0.0,44,mlp128,2.0,mad,50,0.1297044477485724,20.65506208199385,128.91871034070695
MGDA,0.0,55,mlp128,2.0,mad,50,0.1341181823038207,30.49888910323227,130.01751641068284
NashMTL,0.0,11,mlp128,2.0,mad,50,0.133972218378035,31.49952780515028,134.50686148221484
NashMTL,0.0,22,mlp128,2.0,mad,50,0.1281984113421077,26.292622516370884,130.49149727983954
NashMTL,0.0,33,mlp128,2.0,mad,50,0.1288149861288424,44.7860966737137,169.8840525261338
NashMTL,0.0,44,mlp128,2.0,mad,50,0.1267106787966341,25.214113423956388,128.13611588963073
NashMTL,0.0,55,mlp128,2.0,mad,50,0.1279650321034466,37.65969869937605,145.16382598393366
PCGrad,0.0,11,mlp128,2.0,mad,50,0.1333185743311057,27.08832700326093,155.75726369633873
PCGrad,0.0,22,mlp128,2.0,mad,50,0.1300427631287647,21.01365113392668,142.58524715343842
PCGrad,0.0,33,mlp128,2.0,mad,50,0.1283667884688082,23.46650196525964,135.48916845844687
PCGrad,0.0,44,mlp128,2.0,mad,50,0.1286102126378897,15.802651959682445,143.68188762936467
PCGrad,0.0,55,mlp128,2.0,mad,50,0.1284392417780536,30.724876451139338,130.5931160889651
SAA,0.0,11,mlp128,2.0,mad,50,0.2799676349803477,46.01171050806397,246.50197799107875
SAA,0.0,22,mlp128,2.0,mad,50,0.2770559949067639,71.91671485231049,248.0466931442711
SAA,0.0,33,mlp128,2.0,mad,50,0.2839504406487435,54.77579016419693,257.0805805632122
SAA,0.0,44,mlp128,2.0,mad,50,0.2761333487031433,54.34970351549448,245.7663625637045
SAA,0.0,55,mlp128,2.0,mad,50,0.279990990704247,68.78491753027635,249.31581807065456
WDRO,0.0,11,mlp128,2.0,mad,50,0.1426402475231583,24.7307669047536,121.44049330812676
WDRO,0.0,22,mlp128,2.0,mad,50,0.1370868294716055,21.53687952378432,120.47535376915523
WDRO,0.0,33,mlp128,2.0,mad,50,0.1375036338650254,18.84333998005956,119.86971070706922
WDRO,0.0,44,mlp128,2.0,mad,50,0.1365058748809268,18.70129742666092,117.96347497403168
WDRO,0.0,55,mlp128,2.0,mad,50,0.1382671217082276,29.20753084425248,122.86360519294476
FDFL-0.1,0.0,11,mlp16,2.0,mad,50,0.1333254518000172,46.75939313732973,142.50168239582644
FDFL-0.1,1.0,11,mlp16,2.0,mad,50,0.1318219171419178,22.848473899359263,155.56928157230655
FDFL-0.1,0.0,22,mlp16,2.0,mad,50,0.1293012772465505,79.32150621484105,283.1727098356059
FDFL-0.1,1.0,22,mlp16,2.0,mad,50,0.129098552088388,25.1002053406303,131.28966792417458
FDFL-0.1,0.0,33,mlp16,2.0,mad,50,0.1272352746840757,90.07832094932716,352.94296443017333
FDFL-0.1,1.0,33,mlp16,2.0,mad,50,0.1288773141372502,25.418785269555844,140.32023188021023
FDFL-0.1,0.0,44,mlp16,2.0,mad,50,0.1279848360365267,28.25591626503596,135.3605282989302
FDFL-0.1,1.0,44,mlp16,2.0,mad,50,0.1296398659604866,23.452798433168702,130.26647782449453
FDFL-0.1,0.0,55,mlp16,2.0,mad,50,0.1286273449747079,35.134925062671115,131.22680910737506
FDFL-0.1,1.0,55,mlp16,2.0,mad,50,0.1287355780670427,31.63291772025409,141.1353290267862
FDFL-0.5,0.0,11,mlp16,2.0,mad,50,0.1335814078642107,30.202557746795254,128.15372421534144
FDFL-0.5,1.0,11,mlp16,2.0,mad,50,0.1340393751691033,25.69125938841489,131.32534158553062
FDFL-0.5,0.0,22,mlp16,2.0,mad,50,0.1268224749052897,27.270808793133003,126.77355349938335
FDFL-0.5,1.0,22,mlp16,2.0,mad,50,0.1294392571096207,25.15363139707445,129.2423777346087
FDFL-0.5,0.0,33,mlp16,2.0,mad,50,0.1281412412980128,26.873600281675422,127.08175178833312
FDFL-0.5,1.0,33,mlp16,2.0,mad,50,0.1286489899162444,22.607106360838376,126.06826366950456
FDFL-0.5,0.0,44,mlp16,2.0,mad,50,0.1260947274230415,25.1202305801682,124.364273736893
FDFL-0.5,1.0,44,mlp16,2.0,mad,50,0.1295426513873386,23.25849494846565,128.5669021887719
FDFL-0.5,0.0,55,mlp16,2.0,mad,50,0.1282436712104679,31.62784976385656,122.69335123187378
FDFL-0.5,1.0,55,mlp16,2.0,mad,50,0.129453016180222,31.4613468291254,123.72861059126448
FDFL-Scal,0.0,11,mlp16,2.0,mad,50,0.1337692809524281,26.98115794753015,125.41854151954765
FDFL-Scal,1.0,11,mlp16,2.0,mad,50,0.1344923743213849,25.33587438409173,125.86295411217743
FDFL-Scal,0.0,22,mlp16,2.0,mad,50,0.1274693774280049,21.23763295170998,123.28699255534414
FDFL-Scal,1.0,22,mlp16,2.0,mad,50,0.13152620505297,23.15259492730604,124.59115761866416
FDFL-Scal,0.0,33,mlp16,2.0,mad,50,0.1278522369517162,23.064434793158338,124.3998062266306
FDFL-Scal,1.0,33,mlp16,2.0,mad,50,0.1302443035996616,21.884614840711404,124.97575953929808
FDFL-Scal,0.0,44,mlp16,2.0,mad,50,0.1285311960769095,21.646755372351915,120.89712070554604
FDFL-Scal,1.0,44,mlp16,2.0,mad,50,0.1286137606327476,22.13199736552685,122.1481300102674
FDFL-Scal,0.0,55,mlp16,2.0,mad,50,0.1288945818141214,29.54970732241666,121.26576099993514
FDFL-Scal,1.0,55,mlp16,2.0,mad,50,0.1295533661568984,29.163927591496915,121.78270332616708
FDFL,0.0,11,mlp16,2.0,mad,50,0.1331331620156838,74.1499792300718,324.125077149194
FDFL,1.0,11,mlp16,2.0,mad,50,0.1322170362733023,26.592619398441133,135.48238216422732
FDFL,0.0,22,mlp16,2.0,mad,50,0.127425004371325,110.32827346201113,353.5881413565557
FDFL,1.0,22,mlp16,2.0,mad,50,0.1294652798516946,22.471348600841736,137.98398499137798
FDFL,0.0,33,mlp16,2.0,mad,50,0.1262725300997148,100.44784535433055,382.19906504195774
FDFL,1.0,33,mlp16,2.0,mad,50,0.128830031290101,21.505542838570843,142.805994211982
FDFL,0.0,44,mlp16,2.0,mad,50,0.1284942145076403,89.43836691462609,322.6364880065736
FDFL,1.0,44,mlp16,2.0,mad,50,0.1281915192442714,21.74845090695612,134.86388214115564
FDFL,0.0,55,mlp16,2.0,mad,50,0.1288176863535618,107.14826920654512,331.7625383681672
FDFL,1.0,55,mlp16,2.0,mad,50,0.128568047558917,34.36580831875566,131.01923387766195
FPLG,0.0,11,mlp16,2.0,mad,50,0.1328408271601483,32.76542852436877,157.55299651806214
FPLG,1.0,11,mlp16,2.0,mad,50,0.1332860230751777,29.57362902784824,139.42060713246636
FPLG,0.0,22,mlp16,2.0,mad,50,0.1281910549851744,101.12583170171938,332.6515881284271
FPLG,1.0,22,mlp16,2.0,mad,50,0.1288712070651065,30.940334475221285,169.09573306197683
FPLG,0.0,33,mlp16,2.0,mad,50,0.1279634818926095,35.11933207001864,176.7917285909557
FPLG,1.0,33,mlp16,2.0,mad,50,0.1277679947864646,20.918016067890765,144.86764381457118
FPLG,0.0,44,mlp16,2.0,mad,50,0.1287902391636958,32.95064969628053,156.31925928945566
FPLG,1.0,44,mlp16,2.0,mad,50,0.1274974958803623,19.048087265803307,139.08172573558576
FPLG,0.0,55,mlp16,2.0,mad,50,0.1291667140767924,35.80020980118062,150.02766081538306
FPLG,1.0,55,mlp16,2.0,mad,50,0.1295378431513045,30.699216689823853,129.92390750130477
FPTO,0.0,11,mlp16,2.0,mad,50,0.1438377869207061,23.4608495145291,121.7893176134507
FPTO,1.0,11,mlp16,2.0,mad,50,0.1490788541374424,21.74892474711321,126.42873912139154
FPTO,0.0,22,mlp16,2.0,mad,50,0.2181438599162469,113.6651464332845,363.32543697018207
FPTO,1.0,22,mlp16,2.0,mad,50,0.2199697461851913,115.25857180351365,365.5688711540457
FPTO,0.0,33,mlp16,2.0,mad,50,0.1381842373897615,19.496841099964268,118.9541901363351
FPTO,1.0,33,mlp16,2.0,mad,50,0.144043947646909,17.0476907785994,121.8826920299174
FPTO,0.0,44,mlp16,2.0,mad,50,0.1374981594172195,17.306424891844813,117.85573233791888
FPTO,1.0,44,mlp16,2.0,mad,50,0.1438995021939178,17.9449426430016,121.5261757195949
FPTO,0.0,55,mlp16,2.0,mad,50,0.1378153046802998,26.47917408134424,116.8507437637668
FPTO,1.0,55,mlp16,2.0,mad,50,0.1426535043871628,27.337044716372528,120.44035495674916
MGDA,0.0,11,mlp16,2.0,mad,50,0.1436152823024398,35.71016624336599,196.9758134455054
MGDA,0.0,22,mlp16,2.0,mad,50,0.1340047099774787,29.358716077616105,138.62382979628458
MGDA,0.0,33,mlp16,2.0,mad,50,0.1359552556589898,29.21396412404592,194.10457560086985
MGDA,0.0,44,mlp16,2.0,mad,50,0.1446518875718488,33.64796835840072,193.3208750699648
MGDA,0.0,55,mlp16,2.0,mad,50,0.1463323632382558,35.77149898353955,186.44890728873204
NashMTL,0.0,11,mlp16,2.0,mad,50,0.1336314735246311,30.37536210538256,131.27091532987805
NashMTL,0.0,22,mlp16,2.0,mad,50,0.1291177117077143,75.26144614553549,274.7068655768045
NashMTL,0.0,33,mlp16,2.0,mad,50,0.1281752105099484,32.730273806220985,163.2752986953145
NashMTL,0.0,44,mlp16,2.0,mad,50,0.1304791506435675,22.92668881945257,125.16923262360984
NashMTL,0.0,55,mlp16,2.0,mad,50,0.1306340273382988,27.221626125863786,120.56211841767929
PCGrad,0.0,11,mlp16,2.0,mad,50,0.1366525742649432,24.78491219289809,135.0582420006965
PCGrad,0.0,22,mlp16,2.0,mad,50,0.1331801339849752,17.733738845383627,122.6820432427452
PCGrad,0.0,33,mlp16,2.0,mad,50,0.1328114084830154,21.040645744303504,129.88638035912695
PCGrad,0.0,44,mlp16,2.0,mad,50,0.1331812970634252,19.815599807312207,123.90212526196852
PCGrad,0.0,55,mlp16,2.0,mad,50,0.132077266297178,28.60849885717382,118.672886158523
SAA,0.0,11,mlp16,2.0,mad,50,0.2799676349803477,46.01171050806397,246.50197799107875
SAA,0.0,22,mlp16,2.0,mad,50,0.2770559949067639,71.91671485231049,248.0466931442711
SAA,0.0,33,mlp16,2.0,mad,50,0.2839504406487435,54.77579016419693,257.0805805632122
SAA,0.0,44,mlp16,2.0,mad,50,0.2761333487031433,54.34970351549448,245.7663625637045
SAA,0.0,55,mlp16,2.0,mad,50,0.279990990704247,68.78491753027635,249.31581807065456
WDRO,0.0,11,mlp16,2.0,mad,50,0.2203021870730618,91.53441293777384,374.9731913576306
WDRO,0.0,22,mlp16,2.0,mad,50,0.2108599446177517,107.84666872452053,356.6672854489268
WDRO,0.0,33,mlp16,2.0,mad,50,0.2768198622234976,112.79577561388568,411.0784119690989
WDRO,0.0,44,mlp16,2.0,mad,50,0.2760320754217343,114.18295211252348,393.42129373859126
WDRO,0.0,55,mlp16,2.0,mad,50,0.220519797170009,103.06329646250056,343.80758990408805
FDFL-0.1,0.0,11,mlp32,2.0,mad,50,0.1341749388689678,33.58284324127564,134.4518204627784
FDFL-0.1,1.0,11,mlp32,2.0,mad,50,0.1342569075265243,18.301511672232127,159.31303680403886
FDFL-0.1,0.0,22,mlp32,2.0,mad,50,0.1298445339614352,27.63799391794634,130.7722802124072
FDFL-0.1,1.0,22,mlp32,2.0,mad,50,0.1289191162511865,24.41028847246628,129.01873126079906
FDFL-0.1,0.0,33,mlp32,2.0,mad,50,0.1276830139231851,30.318258307501463,140.4888510552613
FDFL-0.1,1.0,33,mlp32,2.0,mad,50,0.128799533857478,19.970508812210703,136.47504281228893
FDFL-0.1,0.0,44,mlp32,2.0,mad,50,0.1270345741725032,26.419558737780125,132.94453231407653
FDFL-0.1,1.0,44,mlp32,2.0,mad,50,0.1273379551313335,13.993058304168184,146.49751925197737
FDFL-0.1,0.0,55,mlp32,2.0,mad,50,0.1262968659767339,34.36570470542964,133.6135321424983
FDFL-0.1,1.0,55,mlp32,2.0,mad,50,0.1291106972052557,31.90261181940592,128.4879483768241
FDFL-0.5,0.0,11,mlp32,2.0,mad,50,0.1329829326877915,26.389425957976496,127.9489352078878
FDFL-0.5,1.0,11,mlp32,2.0,mad,50,0.1335946033562075,24.05656405836801,129.66762199293424
FDFL-0.5,0.0,22,mlp32,2.0,mad,50,0.1284331592476241,23.79027797703551,125.2453550935867
FDFL-0.5,1.0,22,mlp32,2.0,mad,50,0.1293402408397133,23.196592074267283,128.13525999499475
FDFL-0.5,0.0,33,mlp32,2.0,mad,50,0.1286146552448866,22.07244421112684,129.5803675493899
FDFL-0.5,1.0,33,mlp32,2.0,mad,50,0.1285404028292115,21.19974414432088,128.758699847722
FDFL-0.5,0.0,44,mlp32,2.0,mad,50,0.1264852042134691,24.72530312321184,125.54397841390929
FDFL-0.5,1.0,44,mlp32,2.0,mad,50,0.1286549309022777,26.51382353465233,136.29015044554944
FDFL-0.5,0.0,55,mlp32,2.0,mad,50,0.1273859898040367,29.293419171352543,125.28888237976156
FDFL-0.5,1.0,55,mlp32,2.0,mad,50,0.128814470900853,28.92985751058645,129.61092927454504
FDFL-Scal,0.0,11,mlp32,2.0,mad,50,0.1337819815135996,26.05005024495177,125.62980463858388
FDFL-Scal,1.0,11,mlp32,2.0,mad,50,0.1344292812689369,25.634654415704947,125.28579427782412
FDFL-Scal,0.0,22,mlp32,2.0,mad,50,0.1281287932986241,23.082071362089405,122.95049518699504
FDFL-Scal,1.0,22,mlp32,2.0,mad,50,0.1300494891531474,22.340645357668443,124.05598562295928
FDFL-Scal,0.0,33,mlp32,2.0,mad,50,0.1291273714613957,23.33830790579185,124.85271538623472
FDFL-Scal,1.0,33,mlp32,2.0,mad,50,0.1297100227904978,22.45410017123993,125.9636404847734
FDFL-Scal,0.0,44,mlp32,2.0,mad,50,0.1274045677820025,20.97380079699534,121.50368835576732
FDFL-Scal,1.0,44,mlp32,2.0,mad,50,0.1288988652591422,19.573398846735213,121.29927736322313
FDFL-Scal,0.0,55,mlp32,2.0,mad,50,0.1283362594512625,28.48465081669296,122.57505520556818
FDFL-Scal,1.0,55,mlp32,2.0,mad,50,0.1297702458822737,28.590446669849666,122.77317917050988
FDFL,0.0,11,mlp32,2.0,mad,50,0.1352015741230558,81.63670761156406,336.7570311209882
FDFL,1.0,11,mlp32,2.0,mad,50,0.1343187072994281,25.638407447410906,144.660766187921
FDFL,0.0,22,mlp32,2.0,mad,50,0.1278863781373004,101.91729353159982,335.15015920889607
FDFL,1.0,22,mlp32,2.0,mad,50,0.1284642549486573,29.317929482854773,140.64057292983173
FDFL,0.0,33,mlp32,2.0,mad,50,0.1287365934897693,85.94580816011529,339.5482466027952
FDFL,1.0,33,mlp32,2.0,mad,50,0.1279048044309752,22.229925955754258,157.23686213689405
FDFL,0.0,44,mlp32,2.0,mad,50,0.1271568279420824,92.60162319051,322.8495113619602
FDFL,1.0,44,mlp32,2.0,mad,50,0.1286655457943731,27.548310984419743,129.99658861552518
FDFL,0.0,55,mlp32,2.0,mad,50,0.1277970261515998,87.95884886722735,289.64474828886745
FDFL,1.0,55,mlp32,2.0,mad,50,0.129097132416551,30.61104356032156,142.34253072654616
FPLG,0.0,11,mlp32,2.0,mad,50,0.1379146262741736,24.3135677616658,122.2004918283645
FPLG,1.0,11,mlp32,2.0,mad,50,0.1334723034892656,35.6309307071912,142.21249834890347
FPLG,0.0,22,mlp32,2.0,mad,50,0.1298769800317484,21.607608920816503,127.47746078673045
FPLG,1.0,22,mlp32,2.0,mad,50,0.1299000000801153,21.3739470086577,128.08812081291677
FPLG,0.0,33,mlp32,2.0,mad,50,0.1334822353915402,20.25487832530817,124.8197773945838
FPLG,1.0,33,mlp32,2.0,mad,50,0.1301545378323579,21.702116935013347,126.80456533767752
FPLG,0.0,44,mlp32,2.0,mad,50,0.1253569329266421,22.124410288423284,122.64188925259828
FPLG,1.0,44,mlp32,2.0,mad,50,0.1295696809308634,18.40647912401247,123.63391734916966
FPLG,0.0,55,mlp32,2.0,mad,50,0.1318830678868919,25.84763605945337,119.3718855259252
FPLG,1.0,55,mlp32,2.0,mad,50,0.1324397181613706,26.40876500198524,120.45764605367738
FPTO,0.0,11,mlp32,2.0,mad,50,0.1433758177243565,22.420204880328367,121.55024801921569
FPTO,1.0,11,mlp32,2.0,mad,50,0.1472782418791539,24.35485504277099,126.44792234134144
FPTO,0.0,22,mlp32,2.0,mad,50,0.1386116581455184,19.57146058076204,118.27844020548748
FPTO,1.0,22,mlp32,2.0,mad,50,0.1418713188044575,18.88278077537006,123.4918800569134
FPTO,0.0,33,mlp32,2.0,mad,50,0.1389805602171356,18.142978615328083,120.60843594511928
FPTO,1.0,33,mlp32,2.0,mad,50,0.1417422172533277,17.541219035991183,122.64219701194752
FPTO,0.0,44,mlp32,2.0,mad,50,0.1366214538015162,17.789024486492938,117.85366547403922
FPTO,1.0,44,mlp32,2.0,mad,50,0.1454450167830919,15.899656362896598,124.33844944999782
FPTO,0.0,55,mlp32,2.0,mad,50,0.1393925144467922,26.306294977814108,119.10073488950547
FPTO,1.0,55,mlp32,2.0,mad,50,0.1422483936224016,26.276377686751964,121.2154078551262
MGDA,0.0,11,mlp32,2.0,mad,50,0.1362030113721355,35.00660019279951,214.8741257820804
MGDA,0.0,22,mlp32,2.0,mad,50,0.1342321291002556,27.502609718991547,194.20216584534265
MGDA,0.0,33,mlp32,2.0,mad,50,0.1343714545232616,30.30138385984464,192.1775651826842
MGDA,0.0,44,mlp32,2.0,mad,50,0.1349670231660424,32.56469513077804,176.81342961947837
MGDA,0.0,55,mlp32,2.0,mad,50,0.1415518296276554,37.09958258439038,196.63520431868068
NashMTL,0.0,11,mlp32,2.0,mad,50,0.1327208802982344,26.568470970674536,124.54084432691198
NashMTL,0.0,22,mlp32,2.0,mad,50,0.1297464625523836,20.344996092652305,119.84308101873415
NashMTL,0.0,33,mlp32,2.0,mad,50,0.1298336562104054,18.343711376839995,123.8855607341266
NashMTL,0.0,44,mlp32,2.0,mad,50,0.1273172928439264,21.378412346400907,120.30040043116615
NashMTL,0.0,55,mlp32,2.0,mad,50,0.1296019500095021,28.07381162901749,126.621824727133
PCGrad,0.0,11,mlp32,2.0,mad,50,0.1342568743984976,25.743876934411585,129.13165149730906
PCGrad,0.0,22,mlp32,2.0,mad,50,0.130621461962694,21.15928162094779,125.72562708513044
PCGrad,0.0,33,mlp32,2.0,mad,50,0.1309517234017529,21.557379453315285,125.978251576217
PCGrad,0.0,44,mlp32,2.0,mad,50,0.1293956387186191,17.572281534491875,123.05282684519835
PCGrad,0.0,55,mlp32,2.0,mad,50,0.1308651560234734,26.97140931901008,127.4157501009768
SAA,0.0,11,mlp32,2.0,mad,50,0.2799676349803477,46.01171050806397,246.50197799107875
SAA,0.0,22,mlp32,2.0,mad,50,0.2770559949067639,71.91671485231049,248.0466931442711
SAA,0.0,33,mlp32,2.0,mad,50,0.2839504406487435,54.77579016419693,257.0805805632122
SAA,0.0,44,mlp32,2.0,mad,50,0.2761333487031433,54.34970351549448,245.7663625637045
SAA,0.0,55,mlp32,2.0,mad,50,0.279990990704247,68.78491753027635,249.31581807065456
WDRO,0.0,11,mlp32,2.0,mad,50,0.2091320304772074,84.03283680508338,364.4935440361167
WDRO,0.0,22,mlp32,2.0,mad,50,0.1991472374169434,105.99904656280503,356.22666349070903
WDRO,0.0,33,mlp32,2.0,mad,50,0.2012430864701124,94.1414774479088,368.9608942034433
WDRO,0.0,44,mlp32,2.0,mad,50,0.1967823261074231,89.1752828495298,342.1112205213079
WDRO,0.0,55,mlp32,2.0,mad,50,0.2070934694971895,118.59051152045784,365.24376297104135
FDFL-0.1,0.0,11,mlp64,2.0,mad,50,0.1333536923256317,33.68581025900039,136.96567843679307
FDFL-0.1,1.0,11,mlp64,2.0,mad,50,0.1328838913976327,24.64522442396473,158.21174851484955
FDFL-0.1,0.0,22,mlp64,2.0,mad,50,0.128308187061334,26.74215971142108,134.9898812363268
FDFL-0.1,1.0,22,mlp64,2.0,mad,50,0.1295889363742285,32.405315546110565,149.73793204723418
FDFL-0.1,0.0,33,mlp64,2.0,mad,50,0.1277276415876543,35.52282311335996,175.4361861862124
FDFL-0.1,1.0,33,mlp64,2.0,mad,50,0.1283858431437171,21.778516927295765,141.6956277827614
FDFL-0.1,0.0,44,mlp64,2.0,mad,50,0.1261959408365718,69.47842760294154,254.6540590646888
FDFL-0.1,1.0,44,mlp64,2.0,mad,50,0.1270493663877586,18.26381630004927,146.77148380961304
FDFL-0.1,0.0,55,mlp64,2.0,mad,50,0.1273689778895618,36.442222493491606,131.5838796438531
FDFL-0.1,1.0,55,mlp64,2.0,mad,50,0.1272932280771738,34.41020999486053,132.9411942466929
FDFL-0.5,0.0,11,mlp64,2.0,mad,50,0.1338556423515956,26.27840412785058,131.65511463256982
FDFL-0.5,1.0,11,mlp64,2.0,mad,50,0.1344469125936961,24.490753397603715,131.7968848029978
FDFL-0.5,0.0,22,mlp64,2.0,mad,50,0.1273911782775754,27.678003495595632,130.46775928026122
FDFL-0.5,1.0,22,mlp64,2.0,mad,50,0.1283734817925798,26.6474418041279,138.1077555893713
FDFL-0.5,0.0,33,mlp64,2.0,mad,50,0.1277412532051738,23.30326678258243,129.7175112962562
FDFL-0.5,1.0,33,mlp64,2.0,mad,50,0.1289518856341359,22.96656569420025,131.20784499577135
FDFL-0.5,0.0,44,mlp64,2.0,mad,50,0.1258323629124229,23.563278819032643,124.7718729292204
FDFL-0.5,1.0,44,mlp64,2.0,mad,50,0.1271754208257825,19.418940170143248,126.59690580084629
FDFL-0.5,0.0,55,mlp64,2.0,mad,50,0.1278945200728709,35.80136586213151,131.00021290983153
FDFL-0.5,1.0,55,mlp64,2.0,mad,50,0.1288215548645204,35.63584059412133,147.45303403351656
FDFL-Scal,0.0,11,mlp64,2.0,mad,50,0.1334515248204506,26.26731821900015,126.94925472316471
FDFL-Scal,1.0,11,mlp64,2.0,mad,50,0.135760408155838,28.46692653883209,132.4819868693516
FDFL-Scal,0.0,22,mlp64,2.0,mad,50,0.1274056515020021,26.913520527579248,130.55950815554272
FDFL-Scal,1.0,22,mlp64,2.0,mad,50,0.1281950053136725,23.628498985634696,127.96077685245172
FDFL-Scal,0.0,33,mlp64,2.0,mad,50,0.1292418180216156,20.46758419111924,124.58059499503196
FDFL-Scal,1.0,33,mlp64,2.0,mad,50,0.1281345576702214,23.013882245692862,129.4071628110147
FDFL-Scal,0.0,44,mlp64,2.0,mad,50,0.1269591167520108,20.120894285342896,125.16286434433982
FDFL-Scal,1.0,44,mlp64,2.0,mad,50,0.1279926461696299,21.933356732638785,122.06090731336164
FDFL-Scal,0.0,55,mlp64,2.0,mad,50,0.1279186348099652,30.178880869396053,122.75747728859774
FDFL-Scal,1.0,55,mlp64,2.0,mad,50,0.1286936068868359,29.56140352777441,122.06918590714824
FDFL,0.0,11,mlp64,2.0,mad,50,0.1338347014505557,64.96265463736988,278.42672360899434
FDFL,1.0,11,mlp64,2.0,mad,50,0.1341669252040198,27.26613802089016,132.49244582026952
FDFL,0.0,22,mlp64,2.0,mad,50,0.1281145286595767,81.65654555565531,283.6132330923422
FDFL,1.0,22,mlp64,2.0,mad,50,0.1301322655761949,32.01018633884908,158.56255663071292
FDFL,0.0,33,mlp64,2.0,mad,50,0.1287763752845793,55.23540221009693,258.05116159868874
FDFL,1.0,33,mlp64,2.0,mad,50,0.128231813584163,25.080110738932028,152.89266498554025
FDFL,0.0,44,mlp64,2.0,mad,50,0.1268270786986692,79.60101796699999,287.27802178761874
FDFL,1.0,44,mlp64,2.0,mad,50,0.1269177526157892,19.15792961027089,145.27461826903135
FDFL,0.0,55,mlp64,2.0,mad,50,0.1272403568259484,73.73037116278032,243.95003311315787
FDFL,1.0,55,mlp64,2.0,mad,50,0.1271333429621739,32.707079474941686,133.02966629893083
FPLG,0.0,11,mlp64,2.0,mad,50,0.1350113969761576,30.080039493468288,131.69003531089004
FPLG,1.0,11,mlp64,2.0,mad,50,0.1334339698254182,26.71684512179997,131.7573832906192
FPLG,0.0,22,mlp64,2.0,mad,50,0.1288774207615955,27.706147671648484,130.40066543899997
FPLG,1.0,22,mlp64,2.0,mad,50,0.1283865301103836,23.66271403632526,126.58802458487423
FPLG,0.0,33,mlp64,2.0,mad,50,0.1285805880322135,25.435004310851305,128.23607936431898
FPLG,1.0,33,mlp64,2.0,mad,50,0.129436454578991,21.865060166201737,127.56275335715988
FPLG,0.0,44,mlp64,2.0,mad,50,0.12792486820596,18.67230734624848,124.43710970778469
FPLG,1.0,44,mlp64,2.0,mad,50,0.1285793214956316,20.398350973584755,125.58320475952432
FPLG,0.0,55,mlp64,2.0,mad,50,0.1283046815517313,30.01649170271989,123.99932864389083
FPLG,1.0,55,mlp64,2.0,mad,50,0.1283765616657394,30.58924982682433,135.11383669257532
FPTO,0.0,11,mlp64,2.0,mad,50,0.1431685508656622,21.79694543763201,121.09855187625254
FPTO,1.0,11,mlp64,2.0,mad,50,0.1461626271281028,20.33031960968682,124.87852084404564
FPTO,0.0,22,mlp64,2.0,mad,50,0.1374410691323517,21.437094777662463,119.18039432714652
FPTO,1.0,22,mlp64,2.0,mad,50,0.1403726960925536,21.832873504306686,123.850011556527
FPTO,0.0,33,mlp64,2.0,mad,50,0.1383444784056731,17.77118606151468,120.3307539179898
FPTO,1.0,33,mlp64,2.0,mad,50,0.141543478681245,17.530807919133437,123.20160209448936
FPTO,0.0,44,mlp64,2.0,mad,50,0.1369310413102428,19.32671001597776,116.81842402695196
FPTO,1.0,44,mlp64,2.0,mad,50,0.1412593259340654,17.461109989521482,120.61372283848706
FPTO,0.0,55,mlp64,2.0,mad,50,0.1373853995395481,25.59359013453496,117.24503321273424
FPTO,1.0,55,mlp64,2.0,mad,50,0.1408463145150063,25.96021962455421,120.6451384557586
MGDA,0.0,11,mlp64,2.0,mad,50,0.1365763795096727,26.47456069651978,132.52293459348357
MGDA,0.0,22,mlp64,2.0,mad,50,0.1302684580069933,28.359907778342457,141.7337634428739
MGDA,0.0,33,mlp64,2.0,mad,50,0.1346461289877143,25.91412546547998,136.51520619835094
MGDA,0.0,44,mlp64,2.0,mad,50,0.1350986577257138,23.26449494411636,128.40979866335738
MGDA,0.0,55,mlp64,2.0,mad,50,0.1347543622331231,36.58031995213537,131.7417581066451
NashMTL,0.0,11,mlp64,2.0,mad,50,0.133932384196228,27.464790253156764,130.52723723536835
NashMTL,0.0,22,mlp64,2.0,mad,50,0.1292760289280631,23.229620092748487,123.17533592071888
NashMTL,0.0,33,mlp64,2.0,mad,50,0.1283930717181806,24.79834102819177,127.52610124672864
NashMTL,0.0,44,mlp64,2.0,mad,50,0.1272323099164162,21.10466986425604,125.51999464865054
NashMTL,0.0,55,mlp64,2.0,mad,50,0.1272032180168547,32.60518738199664,125.47761460924488
PCGrad,0.0,11,mlp64,2.0,mad,50,0.134646964623541,26.979639141064634,153.68110760734382
PCGrad,0.0,22,mlp64,2.0,mad,50,0.1295565221941278,20.612184372723,134.45960067333672
PCGrad,0.0,33,mlp64,2.0,mad,50,0.128600207267844,22.994115507036955,130.60904839855004
PCGrad,0.0,44,mlp64,2.0,mad,50,0.1310879787312975,21.55052486945239,128.4450100805844
PCGrad,0.0,55,mlp64,2.0,mad,50,0.1276714143399915,32.089402961433926,132.81911297589224
SAA,0.0,11,mlp64,2.0,mad,50,0.2799676349803477,46.01171050806397,246.50197799107875
SAA,0.0,22,mlp64,2.0,mad,50,0.2770559949067639,71.91671485231049,248.0466931442711
SAA,0.0,33,mlp64,2.0,mad,50,0.2839504406487435,54.77579016419693,257.0805805632122
SAA,0.0,44,mlp64,2.0,mad,50,0.2761333487031433,54.34970351549448,245.7663625637045
SAA,0.0,55,mlp64,2.0,mad,50,0.279990990704247,68.78491753027635,249.31581807065456
WDRO,0.0,11,mlp64,2.0,mad,50,0.1423582710795345,23.377085809946923,120.01626613925764
WDRO,0.0,22,mlp64,2.0,mad,50,0.136860805978054,22.225568368187503,118.48359452797412
WDRO,0.0,33,mlp64,2.0,mad,50,0.1372697458689832,19.52407717714328,118.98871876098066
WDRO,0.0,44,mlp64,2.0,mad,50,0.1365600001914982,19.677733277960023,116.3152308722429
WDRO,0.0,55,mlp64,2.0,mad,50,0.1373543702130907,25.50182554476375,117.27392204241625
FDFL-0.1,0.0,11,mlp64,2.0,mad,50,0.1333536923256317,33.68581025900039,136.96567843679307
FDFL-0.1,1.0,11,mlp64,2.0,mad,50,0.1328838913976327,24.64522442396473,158.21174851484955
FDFL-0.1,0.0,22,mlp64,2.0,mad,50,0.128308187061334,26.74215971142108,134.9898812363268
FDFL-0.1,1.0,22,mlp64,2.0,mad,50,0.1295889363742285,32.405315546110565,149.73793204723418
FDFL-0.1,0.0,33,mlp64,2.0,mad,50,0.1277276415876543,35.52282311335996,175.4361861862124
FDFL-0.1,1.0,33,mlp64,2.0,mad,50,0.1283858431437171,21.778516927295765,141.6956277827614
FDFL-0.1,0.0,44,mlp64,2.0,mad,50,0.1261959408365718,69.47842760294154,254.6540590646888
FDFL-0.1,1.0,44,mlp64,2.0,mad,50,0.1270493663877586,18.26381630004927,146.77148380961304
FDFL-0.1,0.0,55,mlp64,2.0,mad,50,0.1273689778895618,36.442222493491606,131.5838796438531
FDFL-0.1,1.0,55,mlp64,2.0,mad,50,0.1272932280771738,34.41020999486053,132.9411942466929
FDFL-0.5,0.0,11,mlp64,2.0,mad,50,0.1338556423515956,26.27840412785058,131.65511463256982
FDFL-0.5,1.0,11,mlp64,2.0,mad,50,0.1344469125936961,24.490753397603715,131.7968848029978
FDFL-0.5,0.0,22,mlp64,2.0,mad,50,0.1273911782775754,27.678003495595632,130.46775928026122
FDFL-0.5,1.0,22,mlp64,2.0,mad,50,0.1283734817925798,26.6474418041279,138.1077555893713
FDFL-0.5,0.0,33,mlp64,2.0,mad,50,0.1277412532051738,23.30326678258243,129.7175112962562
FDFL-0.5,1.0,33,mlp64,2.0,mad,50,0.1289518856341359,22.96656569420025,131.20784499577135
FDFL-0.5,0.0,44,mlp64,2.0,mad,50,0.1258323629124229,23.563278819032643,124.7718729292204
FDFL-0.5,1.0,44,mlp64,2.0,mad,50,0.1271754208257825,19.418940170143248,126.59690580084629
FDFL-0.5,0.0,55,mlp64,2.0,mad,50,0.1278945200728709,35.80136586213151,131.00021290983153
FDFL-0.5,1.0,55,mlp64,2.0,mad,50,0.1288215548645204,35.63584059412133,147.45303403351656
FDFL-Scal,0.0,11,mlp64,2.0,mad,50,0.1334515248204506,26.26731821900015,126.94925472316471
FDFL-Scal,1.0,11,mlp64,2.0,mad,50,0.135760408155838,28.46692653883209,132.4819868693516
FDFL-Scal,0.0,22,mlp64,2.0,mad,50,0.1274056515020021,26.913520527579248,130.55950815554272
FDFL-Scal,1.0,22,mlp64,2.0,mad,50,0.1281950053136725,23.628498985634696,127.96077685245172
FDFL-Scal,0.0,33,mlp64,2.0,mad,50,0.1292418180216156,20.46758419111924,124.58059499503196
FDFL-Scal,1.0,33,mlp64,2.0,mad,50,0.1281345576702214,23.013882245692862,129.4071628110147
FDFL-Scal,0.0,44,mlp64,2.0,mad,50,0.1269591167520108,20.120894285342896,125.16286434433982
FDFL-Scal,1.0,44,mlp64,2.0,mad,50,0.1279926461696299,21.933356732638785,122.06090731336164
FDFL-Scal,0.0,55,mlp64,2.0,mad,50,0.1279186348099652,30.178880869396053,122.75747728859774
FDFL-Scal,1.0,55,mlp64,2.0,mad,50,0.1286936068868359,29.56140352777441,122.06918590714824
FDFL,0.0,11,mlp64,2.0,mad,50,0.1338347014505557,64.96265463736988,278.42672360899434
FDFL,1.0,11,mlp64,2.0,mad,50,0.1341669252040198,27.26613802089016,132.49244582026952
FDFL,0.0,22,mlp64,2.0,mad,50,0.1281145286595767,81.65654555565531,283.6132330923422
FDFL,1.0,22,mlp64,2.0,mad,50,0.1301322655761949,32.01018633884908,158.56255663071292
FDFL,0.0,33,mlp64,2.0,mad,50,0.1287763752845793,55.23540221009693,258.05116159868874
FDFL,1.0,33,mlp64,2.0,mad,50,0.128231813584163,25.080110738932028,152.89266498554025
FDFL,0.0,44,mlp64,2.0,mad,50,0.1268270786986692,79.60101796699999,287.27802178761874
FDFL,1.0,44,mlp64,2.0,mad,50,0.1269177526157892,19.15792961027089,145.27461826903135
FDFL,0.0,55,mlp64,2.0,mad,50,0.1272403568259484,73.73037116278032,243.95003311315787
FDFL,1.0,55,mlp64,2.0,mad,50,0.1271333429621739,32.707079474941686,133.02966629893083
FPLG,0.0,11,mlp64,2.0,mad,50,0.1350113969761576,30.080039493468288,131.69003531089004
FPLG,1.0,11,mlp64,2.0,mad,50,0.1334339698254182,26.71684512179997,131.7573832906192
FPLG,0.0,22,mlp64,2.0,mad,50,0.1288774207615955,27.706147671648484,130.40066543899997
FPLG,1.0,22,mlp64,2.0,mad,50,0.1283865301103836,23.66271403632526,126.58802458487423
FPLG,0.0,33,mlp64,2.0,mad,50,0.1285805880322135,25.435004310851305,128.23607936431898
FPLG,1.0,33,mlp64,2.0,mad,50,0.129436454578991,21.865060166201737,127.56275335715988
FPLG,0.0,44,mlp64,2.0,mad,50,0.12792486820596,18.67230734624848,124.43710970778469
FPLG,1.0,44,mlp64,2.0,mad,50,0.1285793214956316,20.398350973584755,125.58320475952432
FPLG,0.0,55,mlp64,2.0,mad,50,0.1283046815517313,30.01649170271989,123.99932864389083
FPLG,1.0,55,mlp64,2.0,mad,50,0.1283765616657394,30.58924982682433,135.11383669257532
FPTO,0.0,11,mlp64,2.0,mad,50,0.1431685508656622,21.79694543763201,121.09855187625254
FPTO,1.0,11,mlp64,2.0,mad,50,0.1461626271281028,20.33031960968682,124.87852084404564
FPTO,0.0,22,mlp64,2.0,mad,50,0.1374410691323517,21.437094777662463,119.18039432714652
FPTO,1.0,22,mlp64,2.0,mad,50,0.1403726960925536,21.832873504306686,123.850011556527
FPTO,0.0,33,mlp64,2.0,mad,50,0.1383444784056731,17.77118606151468,120.3307539179898
FPTO,1.0,33,mlp64,2.0,mad,50,0.141543478681245,17.530807919133437,123.20160209448936
FPTO,0.0,44,mlp64,2.0,mad,50,0.1369310413102428,19.32671001597776,116.81842402695196
FPTO,1.0,44,mlp64,2.0,mad,50,0.1412593259340654,17.461109989521482,120.61372283848706
FPTO,0.0,55,mlp64,2.0,mad,50,0.1373853995395481,25.59359013453496,117.24503321273424
FPTO,1.0,55,mlp64,2.0,mad,50,0.1408463145150063,25.96021962455421,120.6451384557586
MGDA,0.0,11,mlp64,2.0,mad,50,0.1365763795096727,26.47456069651978,132.52293459348357
MGDA,0.0,22,mlp64,2.0,mad,50,0.1302684580069933,28.359907778342457,141.7337634428739
MGDA,0.0,33,mlp64,2.0,mad,50,0.1346461289877143,25.91412546547998,136.51520619835094
MGDA,0.0,44,mlp64,2.0,mad,50,0.1350986577257138,23.26449494411636,128.40979866335738
MGDA,0.0,55,mlp64,2.0,mad,50,0.1347543622331231,36.58031995213537,131.7417581066451
NashMTL,0.0,11,mlp64,2.0,mad,50,0.133932384196228,27.464790253156764,130.52723723536835
NashMTL,0.0,22,mlp64,2.0,mad,50,0.1292760289280631,23.229620092748487,123.17533592071888
NashMTL,0.0,33,mlp64,2.0,mad,50,0.1283930717181806,24.79834102819177,127.52610124672864
NashMTL,0.0,44,mlp64,2.0,mad,50,0.1272323099164162,21.10466986425604,125.51999464865054
NashMTL,0.0,55,mlp64,2.0,mad,50,0.1272032180168547,32.60518738199664,125.47761460924488
PCGrad,0.0,11,mlp64,2.0,mad,50,0.134646964623541,26.979639141064634,153.68110760734382
PCGrad,0.0,22,mlp64,2.0,mad,50,0.1295565221941278,20.612184372723,134.45960067333672
PCGrad,0.0,33,mlp64,2.0,mad,50,0.128600207267844,22.994115507036955,130.60904839855004
PCGrad,0.0,44,mlp64,2.0,mad,50,0.1310879787312975,21.55052486945239,128.4450100805844
PCGrad,0.0,55,mlp64,2.0,mad,50,0.1276714143399915,32.089402961433926,132.81911297589224
SAA,0.0,11,mlp64,2.0,mad,50,0.2799676349803477,46.01171050806397,246.50197799107875
SAA,0.0,22,mlp64,2.0,mad,50,0.2770559949067639,71.91671485231049,248.0466931442711
SAA,0.0,33,mlp64,2.0,mad,50,0.2839504406487435,54.77579016419693,257.0805805632122
SAA,0.0,44,mlp64,2.0,mad,50,0.2761333487031433,54.34970351549448,245.7663625637045
SAA,0.0,55,mlp64,2.0,mad,50,0.279990990704247,68.78491753027635,249.31581807065456
WDRO,0.0,11,mlp64,2.0,mad,50,0.1423582710795345,23.377085809946923,120.01626613925764
WDRO,0.0,22,mlp64,2.0,mad,50,0.136860805978054,22.225568368187503,118.48359452797412
WDRO,0.0,33,mlp64,2.0,mad,50,0.1372697458689832,19.52407717714328,118.98871876098066
WDRO,0.0,44,mlp64,2.0,mad,50,0.1365600001914982,19.677733277960023,116.3152308722429
WDRO,0.0,55,mlp64,2.0,mad,50,0.1373543702130907,25.50182554476375,117.27392204241625
